Fitur,Tingkat_Kepentingan
Jumlah_Keluhan,0.9060144003565599
Kilometer,0.03686446291312704
Kondisi_Oli,0.029414667550283415
KM_Terakhir_Ganti_Oli,0.012765536627676313
KM_Per_Tahun,0.009108399407257897
Bulan_Terakhir_Ganti_Oli,0.00448190946773999
Usia_Kendaraan,0.0013506236773554415
Kode Unit Motor,0.0
Tahun Kendaraan,0.0
Kondisi_Rem,0.0
